16.300,31.300,5.100
14.000,28.200,8.200
13.800,24.800,4.700
16.100,27.900,1.600
15.700,30.700,6.300
15.500,31.500,7.500
14.900,30.500,8.400
14.600,29.300,7.700
14.500,30.700,9.800
16.000,32.800,7.700
15.000,34.000,8.100
14.100,33.700,7.000
14.400,33.900,5.800
12.900,33.200,7.300
13.700,27.000,7.500
13.100,25.800,8.100
13.000,24.800,7.100
13.600,25.400,5.900
12.600,25.800,9.500
12.400,23.500,7.100
12.800,22.500,7.600
14.400,25.300,3.500
14.500,24.600,2.300
15.200,25.500,1.300
15.400,26.700,2.100
14.000,23.200,2.000
15.600,25.400,0.000
14.600,24.400,-0.700
16.300,29.100,2.300
17.000,30.200,1.700
17.100,31.200,2.700
16.400,30.600,3.800
17.500,30.300,0.300
17.600,32.600,2.700
18.800,31.600,2.600
19.700,32.800,3.000
20.400,33.300,2.100
19.600,33.300,4.100
15.100,29.400,6.300
14.100,26.800,6.100
14.900,26.600,3.400
16.000,29.300,3.600
14.800,28.100,4.800
